Language,Response time
SQL,3.664885218
CSS,4.972211384
Perl,5.111799652
Go,5.321488147
C,5.694901471
Typescript,6.133808715
C++,7.264468835
PHP,7.389852194
Javascript,7.658828943
Matlab,8.116268798
Scala,8.387058392
Erlang,8.394231324
VimL,8.412042042
C#,8.763718501
Python,9.517770771
Ruby,9.598809222
Lua,9.666700229
Java,9.742073867
Coffeescript,9.894026839
R,10.61347361
Objective-C,10.84746273
Groovy,11.77518926
Emacs Lisp,14.29038793
Tex,26.38377675
,
,
